[
  {
    "job_role": "React Js developer  ",
    "content": "### Question 1: What is React and why would you use it over other JavaScript frameworks?\n\n**Answer:**\n\nReact is a JavaScript library for building user interfaces, primarily for single-page applications. It's used for handling the view layer in web and mobile apps. React allows you to design simple views for each state in your application, and it will efficiently update and render the right components when your data changes.\n\nReasons to use React over other JavaScript frameworks include:\n\n- **Declarative approach**: React makes it painless to create interactive UIs. Design simple views for each state in your application, and React will efficiently update and render just the right components when your data changes.\n\n- **Component-based architecture**: This allows for code reusability and separation of concerns. Each component has its own logic and controls its own rendering, and can be reused wherever you need them.\n\n- **Virtual DOM**: React creates an in-memory data-structure cache, computes the resulting differences, and then updates the browser's displayed DOM efficiently. This allows a special feature called \"diffing\" that makes application rendering efficient.\n\n- **Unidirectional data flow**: Data in a React application flows in a single direction which gives better control throughout the application.\n\n- **Strong Community Support and Rich Ecosystem**: React has a massive community and ecosystem, which means a lot of resources are available for learning and problem-solving.\n\n### Question 2: What are React components and explain the lifecycle methods of a React component?\n\n**Answer:**\n\nReact components are independent, reusable pieces of code. They serve the same purpose as JavaScript functions, but work in isolation and return HTML via a render function to display via the DOM.\n\nA React component lifecycle can be defined as the series of methods that are invoked in different stages of the component's existence. The three phases of a component's lifecycle are:\n\n- **Mounting**: The phase in which the component is being created and inserted into the DOM. The methods called in this phase in order are: `constructor()`, `static getDerivedStateFromProps()`, `render()`, and `componentDidMount()`.\n\n- **Updating**: The phase in which the component is being re-rendered as a result of changes to either its props or state. The methods called in this phase in order are: `static getDerivedStateFromProps()`, `shouldComponentUpdate()`, `render()`, `getSnapshotBeforeUpdate()` and `componentDidUpdate()`.\n\n- **Unmounting**: The phase in which the component is being removed from the DOM. The method called in this phase is `componentWillUnmount()`.\n\n### Question 3: What are props and state in React? How do they differ?\n\n**Answer:**\n\nIn React, both props and state represent the values that influence the output of a render.\n\n- **Props (short for properties)** are a way of passing data from parent to child components. They are read-only and the child component should not modify the props received from the parent component.\n\n- **State** is a data structure that starts with a default value when a component mounts and then suffers from mutations in time (mostly generated from user events). It's a serializable* representation of one component's internal state.\n\nThe key difference between the two is that state is internal and controlled by the component itself while props are external and controlled by whatever renders the component.\n\n### Question 4: Can you describe how \"lifting state up\" in React works and why it's important?\n\n**Answer:**\n\n\"Lifting state up\" in React refers to the practice of moving state to a common ancestor component of components that need to share it, rather than trying to sync state between different components at the same level. \n\nThe reason why it's important is because in React, sharing state between components can be achieved by \"lifting up\" the state to the nearest common ancestor of the components that need it. This allows the state to be shared through props. It makes the state accessible to more than one component and keeps the state consistent across your application.\n\n### Question 5: Write a simple counter component that increments, decrements, and resets its value.\n\n**Answer:**\n\nHere's a simple counter component that uses React's useState hook to manage state.\n\n```jsx\nimport React, { useState } from 'react';\n\nfunction Counter() {\n  const [count, setCount] = useState(0);\n\n  return (\n    <div>\n      <p>Count: {count}</p>\n      <button onClick={() => setCount(count + 1)}>Increment</button>\n      <button onClick={() => setCount(count - 1)}>Decrement</button>\n      <button onClick={() => setCount(0)}>Reset</button>\n    </div>\n  );\n}\n\nexport default Counter;\n```\n\nIn this component, `useState` is used to declare a new state variable, `count`, and `setCount` is the function to update it. The buttons use `onClick` to call `setCount` with the new value.",
    "interview_level": "entry",
    "timestamp": "2025-06-02 20:06:15"
  },
  {
    "job_role": "software engineer",
    "content": "# Technical Interview Questions for Senior Software Engineer\n\n## Question 1: System Design and Architecture\n\n### Question:\nYou are tasked with designing a scalable and fault-tolerant system for a high-traffic e-commerce platform. The system needs to handle millions of concurrent users, ensure low latency, and support various features like inventory management, payment processing, and order fulfillment. How would you approach this system design, considering performance, scalability, and reliability?\n\n### Answer:\nTo design a scalable and fault-tolerant e-commerce platform, I would consider the following key aspects:\n\n- **Microservices Architecture**: Break down the system into smaller, independent services to improve scalability, maintainability, and fault isolation.\n- **Load Balancing**: Distribute incoming traffic across multiple instances to ensure high availability and prevent overload on any single service.\n- **Caching**: Implement caching mechanisms to reduce database load and improve response times for frequently accessed data.\n- **Database Sharding**: Partition the database to distribute data across multiple servers to handle large volumes of data and queries.\n- **Asynchronous Processing**: Use message queues and asynchronous processing to decouple components and improve system responsiveness.\n- **Horizontal Scaling**: Add more instances of services to handle increased load instead of vertical scaling, which has limitations.\n- **Monitoring and Logging**: Implement robust monitoring and logging mechanisms to track system performance, identify bottlenecks, and troubleshoot issues quickly.\n- **Fault Tolerance**: Design the system with redundancy, failover mechanisms, and graceful degradation to ensure continuous operation even in the event of failures.\n\nBy incorporating these design principles and technologies, the e-commerce platform can achieve scalability, performance, and reliability required for handling millions of users concurrently.\n\n## Question 2: Performance Optimization\n\n### Question:\nYou have identified a performance bottleneck in a critical component of a distributed system. How would you approach optimizing the performance of this component while ensuring minimal impact on other system functionalities?\n\n### Answer:\nTo optimize the performance of a critical component in a distributed system, I would follow these steps:\n\n- **Profiling**: Use profiling tools to identify the specific areas causing performance degradation and prioritize optimization efforts.\n- **Code Review**: Analyze the code for inefficiencies, unnecessary loops, database queries, or network calls that can be optimized.\n- **Algorithmic Improvements**: Evaluate the algorithms and data structures used in the component to identify opportunities for optimization.\n- **Concurrency**: Utilize multi-threading, asynchronous processing, or parallel computing to leverage hardware resources efficiently.\n- **Caching**: Implement caching mechanisms to store frequently accessed data and reduce computational overhead.\n- **Database Optimization**: Optimize database queries, indexes, and schema design to improve query performance.\n- **Network Optimization**: Minimize network latency by reducing the number of network calls, optimizing data transfer, and using content delivery networks (CDNs).\n- **Load Testing**: Conduct load tests to measure the impact of performance optimizations and ensure that the system meets performance requirements under varying loads.\n\nBy following these strategies, the performance of the critical component can be optimized effectively without compromising other system functionalities.\n\n## Question 3: Technical Leadership\n\n### Question:\nAs a senior software engineer, you are leading a team of developers working on a complex project with tight deadlines. How do you ensure effective collaboration, communication, and technical excellence within the team while managing competing priorities and resolving conflicts?\n\n### Answer:\nTo lead a team of developers effectively on a complex project, I would adopt the following leadership strategies:\n\n- **Clear Vision**: Communicate a clear project vision, goals, and expectations to align the team towards a common purpose.\n- **Empowerment**: Empower team members by delegating tasks, providing autonomy, and fostering a culture of ownership and accountability.\n- **Communication**: Establish open communication channels, conduct regular stand-ups, meetings, and reviews to ensure transparency and collaboration.\n- **Technical Mentorship**: Provide technical guidance, mentorship, and coaching to team members to enhance their skills and knowledge.\n- **Conflict Resolution**: Address conflicts promptly, facilitate constructive discussions, and encourage empathy and understanding among team members.\n- **Prioritization**: Help the team prioritize tasks, manage dependencies, and focus on high-impact activities to meet project deadlines effectively.\n- **Continuous Improvement**: Encourage a culture of continuous learning, feedback, and improvement to drive technical excellence and innovation within the team.\n- **Recognition**: Recognize and reward team members for their contributions, achievements, and efforts to boost morale and motivation.\n\nBy implementing these leadership practices, I can foster a collaborative, high-performing team that delivers quality results on complex projects.\n\n## Question 4: Technical Strategy\n\n### Question:\nYou are tasked with defining a technical strategy for migrating a monolithic application to a microservices architecture. How would you approach this migration process, considering the challenges, risks, and benefits of transitioning to a microservices-based system?\n\n### Answer:\nTo migrate a monolithic application to a microservices architecture, I would follow a strategic approach that considers the following factors:\n\n- **Analysis**: Conduct a thorough analysis of the existing monolithic application to identify components suitable for microservices decomposition.\n- **Decomposition**: Break down the monolith into smaller, cohesive services based on business domains, bounded contexts, or functional areas.\n- **API Gateway**: Implement an API gateway to manage communication between microservices, enforce security, and provide a unified entry point for clients.\n- **Service Discovery**: Utilize service discovery mechanisms to enable dynamic service registration, discovery, and load balancing in a distributed environment.\n- **Data Management**: Implement strategies for data partitioning, replication, or synchronization to ensure data consistency and integrity across microservices.\n- **DevOps Practices**: Adopt DevOps practices, CI/CD pipelines, automated testing, and infrastructure as code to streamline deployment and monitoring of microservices.\n- **Monitoring and Observability**: Implement monitoring tools, logging, and tracing mechanisms to track performance, troubleshoot issues, and ensure system reliability.\n- **Resilience and Fault Tolerance**: Design microservices with resilience patterns like circuit breakers, retries, and timeouts to handle failures gracefully.\n- **Security**: Implement security best practices, authentication, authorization mechanisms, and encryption to protect data and communication between microservices.\n\nBy following this technical strategy, the migration process can mitigate risks, address challenges, and leverage the benefits of a microservices architecture for scalability, agility, and maintainability.\n\n## Question 5: Problem-Solving and Coding\n\n### Question:\nGiven a scenario where the system experiences intermittent latency spikes during peak usage hours, how would you diagnose and troubleshoot the root cause of these performance issues? Provide a step-by-step approach to identify and resolve the latency spikes effectively.\n\n### Answer:\nTo diagnose and troubleshoot intermittent latency spikes in the system, I would follow these steps:\n\n1. **Monitoring**: Use monitoring tools to track system metrics, performance indicators, and resource utilization during peak usage hours.\n2. **Log Analysis**: Analyze logs, error messages, and performance data to identify patterns, anomalies, or exceptions that correlate with latency spikes.\n3. **Profiling**: Use profiling tools to analyze the performance of critical components, identify bottlenecks, and pinpoint areas causing latency issues.\n4. **Network Analysis**: Conduct network analysis to identify network congestion, packet loss, or latency issues affecting communication between components.\n5. **Database Queries**: Review database queries, indexes, and execution plans to optimize query performance, reduce load, and improve response times.\n6. **Code Review**: Review the code for inefficiencies, memory leaks, resource contention, or blocking operations that can impact system performance.\n7. **Load Testing**: Simulate peak loads, stress test the system, and analyze performance under varying conditions to reproduce and diagnose latency spikes.\n8. **Incremental Changes**: Implement incremental changes, optimizations, and performance tuning based on findings to address root causes of latency spikes.\n9. **Validation**: Validate the effectiveness of optimizations through testing, monitoring, and performance benchmarks to ensure that latency issues are resolved.\n\nBy following this systematic approach to diagnose and troubleshoot performance issues, the root causes of intermittent latency spikes can be identified and resolved effectively to improve system performance and reliability.\n\nThese technical interview questions and detailed model answers aim to assess the advanced knowledge, experience, and strategic thinking capabilities of senior software engineers in complex system design, performance optimization, technical leadership, and problem-solving scenarios.",
    "interview_level": "senior",
    "timestamp": "2025-06-02 20:09:39"
  },
  {
    "job_role": "angular js frontend developer with strong practical coding knowledge n implementation",
    "content": "# Technical Interview Questions for Entry-Level Angular JS Frontend Developer\n\n## Question 1: Explain the concept of two-way data binding in Angular JS and provide an example of its implementation.\n\n**Answer:**\nTwo-way data binding in Angular JS allows synchronization of data between the model and the view. When the model changes, the view reflects the change, and vice versa. Here's an example of two-way data binding in Angular JS:\n\n```javascript\n// HTML\n<input type=\"text\" ng-model=\"name\">\n\n// Controller\n$scope.name = \"John Doe\";\n```\n\nIn this example, any changes made in the input field will automatically update the `$scope.name` variable in the controller, and any changes to `$scope.name` will reflect in the input field.\n\nKey Concepts:\n- Two-way data binding synchronizes data between model and view\n- Changes in the model update the view and vice versa\n\n## Question 2: How would you implement routing in an Angular JS application? Provide a basic example of routing configuration.\n\n**Answer:**\nRouting in Angular JS allows navigation between different parts of the application without reloading the entire page. Here's a basic example of routing configuration:\n\n```javascript\n// App Module\nvar app = angular.module('myApp', ['ngRoute']);\n\n// Configuring Routes\napp.config(function($routeProvider) {\n  $routeProvider\n    .when('/', {\n      templateUrl: 'home.html',\n      controller: 'HomeController'\n    })\n    .when('/about', {\n      templateUrl: 'about.html',\n      controller: 'AboutController'\n    })\n    .otherwise({\n      redirectTo: '/'\n    });\n});\n```\n\nIn this example, when the user navigates to `/about`, the `about.html` template will be loaded into the view with the `AboutController` managing the logic.\n\nKey Concepts:\n- Routing allows navigation between different parts of the application\n- Configuration using `$routeProvider`\n- Templates and controllers associated with each route\n\n## Question 3: How can you optimize the performance of an Angular JS application? Provide three key strategies with examples.\n\n**Answer:**\nOptimizing the performance of an Angular JS application is crucial for a seamless user experience. Here are three key strategies with examples:\n\n1. **Minification and Concatenation**:\n   - Minify and concatenate JavaScript and CSS files to reduce the number of HTTP requests.\n   - Use tools like UglifyJS and CSSNano to compress files.\n\n2. **Implementing One-Time Binding**:\n   - Use one-time binding (`::`) for data that doesn't change.\n   - Example: `{{::user.name}}` instead of `{{user.name}}`.\n\n3. **Using AngularJS Dependency Injection**:\n   - Minimize the number of dependencies injected into controllers and services.\n   - Example: \n     ```javascript\n     // Bad Practice\n     app.controller('MyController', function($scope, $http, $timeout) { ... });\n\n     // Good Practice\n     app.controller('MyController', ['$scope', '$http', '$timeout', function($scope, $http, $timeout) { ... }]);\n     ```\n\nKey Concepts:\n- Minification and concatenation reduce HTTP requests\n- One-time binding for static data\n- Dependency injection optimization\n\n## Question 4: Write a function in Angular JS to fetch data from a RESTful API using $http service and display it in a list format on the UI.\n\n**Answer:**\nHere's an example function to fetch data from a RESTful API using $http service and display it in a list format:\n\n```javascript\n// Controller\napp.controller('DataController', function($scope, $http) {\n  $http.get('https://api.example.com/data')\n    .then(function(response) {\n      $scope.dataList = response.data;\n    })\n    .catch(function(error) {\n      console.error('Error fetching data:', error);\n    });\n});\n```\n\n```html\n<!-- HTML -->\n<ul>\n  <li ng-repeat=\"item in dataList\">{{ item.name }}</li>\n</ul>\n```\n\nIn this example, the data fetched from the API is stored in `$scope.dataList` and displayed in a list format on the UI using `ng-repeat`.\n\nKey Concepts:\n- Using $http service to fetch data from a RESTful API\n- Handling success and error responses\n- Displaying data using `ng-repeat`\n\n## Question 5: Design a simple Angular JS component for a user registration form with basic validation. Explain the structure of the component and how validation can be implemented.\n\n**Answer:**\nHere's a simple Angular JS component for a user registration form with basic validation:\n\n```javascript\n// Component\napp.component('userRegistration', {\n  templateUrl: 'user-registration.html',\n  controller: function() {\n    this.user = {\n      name: '',\n      email: ''\n    };\n\n    this.submitForm = function() {\n      if (this.user.name && this.user.email) {\n        // Form submission logic\n      } else {\n        // Handle validation errors\n      }\n    };\n  }\n});\n```\n\n```html\n<!-- user-registration.html -->\n<form ng-submit=\"$ctrl.submitForm()\">\n  <input type=\"text\" ng-model=\"$ctrl.user.name\" placeholder=\"Name\" required>\n  <input type=\"email\" ng-model=\"$ctrl.user.email\" placeholder=\"Email\" required>\n  <button type=\"submit\">Submit</button>\n</form>\n```\n\nIn this component, the user registration form has basic validation for name and email fields. The `submitForm` function checks if the fields are filled before submitting the form.\n\nKey Concepts:\n- Component-based architecture in Angular JS\n- Form validation using `ng-model` and `required`\n- Handling form submission and validation errors\n\nThese questions and answers are designed to assess the fundamental understanding and practical implementation skills of an entry-level Angular JS developer. Each question covers a different aspect of Angular JS development, from data binding to performance optimization and component design. By thoroughly answering these questions, candidates can demonstrate their proficiency in Angular JS and readiness for an entry-level frontend developer position.",
    "interview_level": "entry",
    "timestamp": "2025-06-02 20:11:33"
  }
]